image,canny_precision,canny_recall,canny_f1,marr_precision,marr_recall,marr_f1
100007img.jpg,0.36939252336447737,0.6118421052631342,0.46066433561737485,0.3410812893283634,0.7139784946236367,0.46163205001272517
100039img.jpg,0.2756060275169191,0.5463203463203227,0.36638118735561664,0.21131986106725442,0.74985994397757,0.3297204088830466
100099img.jpg,0.3044769301050638,0.6553588987216984,0.4157829070059515,0.2504000673797671,0.8572664359861344,0.3875888142535114
10081img.jpg,0.26994744386048086,0.5788934426229212,0.3681981100902054,0.24279021343050242,0.7799331103678668,0.37030567681968146
101027img.jpg,0.32977564800696296,0.6380109565950005,0.43480758180457124,0.3903067800979584,0.7928777166797383,0.523106158718844
101084img.jpg,0.5188742461469619,0.7311929493232379,0.6070028742655107,0.41337199086276216,0.8658446816341394,0.5595861084243745
102062img.jpg,0.25565997436992194,0.3759422110552646,0.30434782603876215,0.2038708690330462,0.6132075471697972,0.30600528185484066
103006img.jpg,0.23114824335903533,0.6735330836454011,0.3441786283510995,0.13901319563970088,0.8826958105646309,0.240198265156166
103029img.jpg,0.35406091370557624,0.551383399209468,0.4312210200450992,0.6277056277056107,0.5606573223779469,0.5922900178209636
103078img.jpg,0.5495027124773836,0.7280622941000081,0.6263042637664958,0.4202553191489326,0.8704389212056959,0.5668369396335142
104010img.jpg,0.21511077447452726,0.5046645935139713,0.30164630903933687,0.17533421992020595,0.7462019660410859,0.28394921783361404
104055img.jpg,0.31398476019721394,0.4739512855209583,0.3777298462718134,0.3030440194636154,0.6504736458586191,0.4134630229611091
105027img.jpg,0.33618361836182864,0.7418073485600426,0.4626819448316391,0.29561011225700196,0.8811207834602589,0.44269801130659486
106005img.jpg,0.2617956939990778,0.7764945652173385,0.39157245628293114,0.2683093771389429,0.8875471698112872,0.41205325854878655
106047img.jpg,0.08928941371452062,0.41966893865623955,0.1472497437360104,0.09119232064668162,0.7096985583223651,0.16161766898444402
107014img.jpg,0.3218537414965918,0.5461760461760264,0.405029427454666,0.2901505646173119,0.7059272449758152,0.4112634308590391
107045img.jpg,0.24700761697496743,0.4539999999999818,0.3199436222235541,0.2037608344351388,0.729040735873831,0.3185027842818284
107072img.jpg,0.4660235798499364,0.609475749929896,0.5281827016029661,0.3339989248137598,0.7993015989707627,0.4711298883778795
108004img.jpg,0.16951219512194776,0.5747760165402774,0.2618113325656633,0.1720091274584356,0.7585050311451481,0.2804251549742872
108036img.jpg,0.2832191023656802,0.42207578253705363,0.3389785657100661,0.2228932012484718,0.7245258050286563,0.3409090908731044
108069img.jpg,0.09918941979521972,0.43376865671637743,0.16145833330303297,0.08265465257321042,0.8397887323943168,0.15049692378869997
109055img.jpg,0.13901988927619152,0.4559515803631166,0.2130735386191149,0.10031347962382373,0.6755031909670753,0.17468579406152357
112056img.jpg,0.32798216276476416,0.7001427891479914,0.44670513205492846,0.39053175971356063,0.8178283810052536,0.5286304074234838
112090img.jpg,0.7862820803997096,0.2880439304434621,0.42162952133451576,0.6849957774232834,0.5045617915399467,0.5810945273143299
117025img.jpg,0.39197460893220604,0.6495116453793895,0.4889014561950906,0.3897597834667826,0.7904849039341082,0.5220938136879111
118015img.jpg,0.42236872016366395,0.5075116088500271,0.46104218357323656,0.3970969912525195,0.7319277108433605,0.5148625910929218
118031img.jpg,0.2973985890652492,0.5178502879078496,0.37781823269415804,0.2901108361132004,0.6943085243368351,0.4092289009906029
118072img.jpg,0.5756608933454745,0.22604026845637382,0.32461607655142166,0.5087764584408836,0.45171886936592476,0.47855292970090096
120003img.jpg,0.7244643746885718,0.5353460972017574,0.6157103535399343,0.6307385229540852,0.7176667463542826,0.6714006149907371
120093img.jpg,0.6209806157354476,0.5459101844426515,0.5810306198157659,0.5555024837600253,0.7630232252985072,0.6429321686725539
123057img.jpg,0.298484848484842,0.5416339355852104,0.3848730113971024,0.26199034610249294,0.7078246392896584,0.38243010265151367
128035img.jpg,0.6454880294659151,0.5448892343567714,0.5909378292443382,0.5476978095663787,0.7715365239294613,0.6406274509318248
130014img.jpg,0.3275563258232165,0.544668587896234,0.40909090904399603,0.23941153697251072,0.7627035027133507,0.36442925330796344
130066img.jpg,0.2712948161680687,0.5505097312325973,0.36346948136925306,0.2554656755574961,0.7499999999999759,0.38111545984467254
134049img.jpg,0.6291623578076395,0.6265705458290293,0.6278637770397706,0.386139575542711,0.881876663708952,0.5371027121540788
134067img.jpg,0.5363722697055928,0.5354569586651396,0.53591422331084,0.3570286504472566,0.894639956686509,0.510378057779829
140006img.jpg,0.36450254819409783,0.38971807628523125,0.3766888023315449,0.3596160438806963,0.6943571073969768,0.47382982322870987
140088img.jpg,0.3191385217816858,0.3618201997780144,0.33914174247294443,0.2869096582045059,0.44717064544649765,0.3495464362374742
14085img.jpg,0.5262202043132684,0.2589076287277978,0.34705794276160007,0.408546154943641,0.5201634877384149,0.4576474348236609
14092img.jpg,0.25823834196890655,0.42208672086719434,0.32043204315721235,0.2132076978359801,0.6569881889763618,0.32193886775102676
141012img.jpg,0.11417866298560217,0.4684466019417097,0.18360551764725033,0.07781297341963882,0.8608430675469344,0.14272482315757903
141048img.jpg,0.22219818260492813,0.5848519362186455,0.3220445280253102,0.1408644116796752,0.7749502982107047,0.2383952051601933
145059img.jpg,0.5052988554472126,0.5645275870234296,0.533273682983359,0.3631476967310434,0.8432510885340951,0.5076674384654944
145079img.jpg,0.4422735346358694,0.6345970054157173,0.5212612847873787,0.32245490675634114,0.8306753297893122,0.4645708307695954
146074img.jpg,0.6321444901691671,0.45914978412486784,0.5319353597049976,0.5191395780358703,0.8083467094702963,0.6322397053423914
147077img.jpg,0.3356963183169372,0.4961135518756169,0.40043644294148323,0.33056392148717073,0.7209513023782396,0.4532896610221088
147080img.jpg,0.508238276299102,0.6277067571092975,0.5616902065572866,0.3586355669408092,0.8393815083622461,0.5025505384050521
15011img.jpg,0.5780561354673955,0.5355684504620559,0.556001784867508,0.4672367158188599,0.7524237740620943,0.5764883194704367
15062img.jpg,0.3895797598627704,0.6203482417207026,0.4785987092901458,0.3276703415868396,0.7911848134409603,0.46341619268654516
156054img.jpg,0.3486856398001228,0.5459183673469202,0.4255601219198061,0.2787642558105942,0.7892908236255715,0.4120125886422753
157032img.jpg,0.33693972179288284,0.47215346534652003,0.39324829269716643,0.37708248679397854,0.468923698837785,0.4180180179685979
157087img.jpg,0.6369958275382328,0.5817104149026125,0.6080991369272968,0.45596580440710105,0.8160116064362857,0.585031440547826
159002img.jpg,0.7346476319963577,0.34860215053763066,0.4728359949975451,0.7035313668466913,0.6704941400063298,0.6866155779413464
159022img.jpg,0.2059899405578371,0.5702531645569259,0.30265367816053,0.25504371217215444,0.6736234458259026,0.369999999960149
160006img.jpg,0.3268030139935344,0.4866944533504172,0.39103554863816564,0.26579415091290787,0.7304618117228967,0.3897642459032964
16004img.jpg,0.392973324658417,0.4529999999999887,0.42085704326692996,0.3068168621530583,0.813173284087399,0.4455311972620713
160067img.jpg,0.17077279427247483,0.42639327024182827,0.24387310174835888,0.15571098736927777,0.7663770053475679,0.2588328253472513
16068img.jpg,0.18930459536396524,0.33429084380609214,0.24172400358877497,0.17898465171192304,0.6369747899159486,0.27944700457404387
161045img.jpg,0.32274171584202627,0.6025423728813304,0.4203369789672703,0.24787522181750024,0.7619867929945231,0.3740662437966391
163004img.jpg,0.3713198477868942,0.6116793137578155,0.46211365897590906,0.29906270435224663,0.8310115081768458,0.4398375720918714
163096img.jpg,0.31295581295580627,0.5644100580270575,0.40264937210809065,0.2634695579649686,0.7727495107631904,0.3929593232609904
164046img.jpg,0.23293515358361278,0.763102725366823,0.3569210654977381,0.13362485092850174,0.90569668976132,0.23288959269298554
168084img.jpg,0.34918143081407604,0.5542897828408488,0.4284534947241667,0.2959105918211811,0.8008707607699175,0.43214837708578635
17067img.jpg,0.3977272727272642,0.6042345276872767,0.47970002581195115,0.346682812905455,0.8025630756908129,0.48420416788295995
175083img.jpg,0.2652936378466504,0.44539541252994025,0.33252396161454445,0.19301274564565993,0.8239757207890565,0.31276228088753544
176051img.jpg,0.2930463576158871,0.6344086021505051,0.4009060022217662,0.2578381933786422,0.7691301504250893,0.38620689651411133
179084img.jpg,0.6046511627906828,0.6536507087456365,0.6281968898099749,0.592013112799872,0.7260599415204546,0.6522203069356497
181021img.jpg,0.47049256505575116,0.7163070392642124,0.5679427849752674,0.3750456704420865,0.8531061707874329,0.5210329293402226
183066img.jpg,0.30142566191445347,0.6403846153845846,0.40990921675904884,0.2646897309170749,0.6817538896746577,0.3813291138837523
185092img.jpg,0.4351407000686242,0.6131528046421466,0.5090325170128492,0.45540308747855357,0.7686104218362124,0.5719341436676826
187058img.jpg,0.23490338164250735,0.44936465152096844,0.3085261070269456,0.186002490660024,0.8392897280287517,0.30451802313128207
187099img.jpg,0.2889364184328157,0.38931097720722063,0.33169642852251624,0.23507403699214718,0.7728690228690095,0.3604994140819734
188025img.jpg,0.6479240806642788,0.5365422396856476,0.5869962385318374,0.5955787928820345,0.8061832629749093,0.6850601392210096
189006img.jpg,0.4257679180887281,0.5564538611653037,0.4824169183798765,0.4423622941510455,0.7210292484264953,0.5483212500408459
189013img.jpg,0.46537086684538725,0.5487355110642638,0.5036266924068054,0.3917361234261359,0.756636410344224,0.5162119529841946
189029img.jpg,0.5093283582089433,0.6634264884568449,0.5762532981038824,0.46328520301122467,0.7538152610441615,0.573874493570512
189096img.jpg,0.3312700106723515,0.3546617915904855,0.34256704553000866,0.2662374550274552,0.6760698829940587,0.38203061312855147
196027img.jpg,0.43566385789113105,0.6497961956521519,0.5216087252416385,0.5700152207001413,0.679981842941428,0.6201614572056008
196040img.jpg,0.22250595846101084,0.34585869277585746,0.27079664348285815,0.20966656469868333,0.6589117477408064,0.31811009000328744
196062img.jpg,0.431180400890859,0.7065693430656677,0.5355463346693737,0.3101333742143162,0.8570218174115471,0.45545111720079917
196088img.jpg,0.2566045066045016,0.5311620426216112,0.34603798292921445,0.1875954781545973,0.8607476635513818,0.3080525127225151
198087img.jpg,0.8457607433216993,0.5965918400786401,0.6996541121728469,0.7522999307547655,0.7885732061385236,0.770009618742102
20069img.jpg,0.4548324429334518,0.5719083969465474,0.5066955227424665,0.39273049645389685,0.7600076248570194,0.517859462222896
201080img.jpg,0.4735541275333546,0.6076752299397207,0.5322961521941217,0.4465158138338847,0.7150504426600635,0.5497427779502891
2018img.jpg,0.4173045697053951,0.6804084720120771,0.5173256649420738,0.3646593040216674,0.8223684210526122,0.5052692362790667
202000img.jpg,0.2852536543422123,0.4430717863105027,0.3470642081385554,0.32395422997560824,0.47224500957067345,0.3842901646157223
206062img.jpg,0.6708507670850611,0.715951376829553,0.6926677066583046,0.6727114644143501,0.8253581225236083,0.7412577841152939
206097img.jpg,0.36878612716762155,0.5467946520397481,0.44048605352823794,0.344604980018441,0.7538668459986381,0.4729957805476511
207038img.jpg,0.20998315080033256,0.3217166828008931,0.25410985085063403,0.17870118074477612,0.5680943214629315,0.27187931825009465
207049img.jpg,0.366990291262128,0.5632450331125641,0.4444154147138076,0.3467269057002754,0.7742004722043191,0.4789536581699861
208078img.jpg,0.2591311034217559,0.44576719576718105,0.327741308001151,0.18588478526454194,0.8386686453254009,0.3043193968701758
209021img.jpg,0.4807612743069822,0.34358367829686065,0.4007587514602584,0.2932761732851973,0.7173289183222878,0.4163356822137655
217013img.jpg,0.4996466431095289,0.6472383277387657,0.5639457590574335,0.6332493702770674,0.7592107912220504,0.6905328693882283
217090img.jpg,0.2240506329113877,0.3820143884891949,0.2824468084640274,0.18797039638735458,0.7237382274812673,0.2984316653892205
220003img.jpg,0.4594007815892215,0.5270236612702235,0.49089432775442265,0.3698237328160549,0.7408346004392509,0.49336183613919216
223004img.jpg,0.49338332598146245,0.5973297730306917,0.5404034303164273,0.44861680866729303,0.7551345609065022,0.5628505443280283
223060img.jpg,0.2914163090128693,0.5746931866271445,0.3867293179106274,0.23649329509340178,0.814251401120875,0.36653051414098964
225022img.jpg,0.4474428726876943,0.582931669974466,0.5062792415169688,0.407357372960611,0.7446808510638157,0.5266339759064527
226022img.jpg,0.3489873135989239,0.5594006421690846,0.4298245613561797,0.30025992650353767,0.8023952095808191,0.43699452122308163
226033img.jpg,0.41945902301169924,0.48551401869157745,0.4500758067512097,0.2848080676642796,0.77776132662125,0.41693785217125107
226043img.jpg,0.49042917590166246,0.3838511275823942,0.4306440197667297,0.3821852509580317,0.8134075989655778,0.5200305226577602
226060img.jpg,0.48763557483729963,0.4068778280542913,0.44361124810037417,0.36800513973658616,0.7226848347211617,0.4876761312396049
228076img.jpg,0.31183294663572364,0.5892152564664362,0.4078288574877256,0.2755249073692849,0.7666093928980308,0.40536038760494886
230063img.jpg,0.58912061922166,0.5252060571209407,0.5553303607122124,0.49922863313791654,0.7991110013581825,0.6145373403125343
230098img.jpg,0.3713924583947678,0.5370088333840836,0.43910336234268466,0.28354750368653686,0.7888259425668922,0.4171487602916746
23050img.jpg,0.6290635091496097,0.39738882088942745,0.48708118014923846,0.5158613958028271,0.7155705996131458,0.5995219381273827
232076img.jpg,0.22605537902859224,0.6291850915981915,0.3326097845662075,0.2746821535080792,0.7494646680941863,0.40202159426351614
235098img.jpg,0.44764957264956307,0.5023980815347602,0.47344632763377115,0.4148805460750825,0.8660587061840856,0.5610116300097331
238025img.jpg,0.3900159562343198,0.6901976603468862,0.49839790266284756,0.30374639769452155,0.8031496062991922,0.440789015085285
243095img.jpg,0.5891190530389121,0.4821162444113174,0.5302735374978704,0.5420579622336611,0.6890885750962684,0.6067936471558156
246009img.jpg,0.28027300748568296,0.545649378482617,0.3703272726824239,0.2399602923923812,0.7446093531223539,0.36295386291699383
247003img.jpg,0.25935334872978616,0.5818652849740631,0.3587859424493506,0.25652714463323395,0.7935897435897181,0.3877231443413996
247012img.jpg,0.4336323901541193,0.6586303284416262,0.5229574142952893,0.3378066501410348,0.8202573682025567,0.4785372645951072
249021img.jpg,0.5648103696591319,0.5794139374538149,0.5720189619045342,0.48551316057946864,0.7667149991944455,0.5945405708813665
250047img.jpg,0.22743977133523421,0.5096065873741761,0.3145115753384598,0.17106719367588843,0.8560126582278255,0.2851495585438512
250087img.jpg,0.5030260707634893,0.603799944118452,0.5488253967757973,0.5043367346938711,0.72550458715595,0.5950338599967548
253016img.jpg,0.6144658261446446,0.5354664610639835,0.5722525491313963,0.4271119842829053,0.8457263532288447,0.5675816798002495
253092img.jpg,0.19012875536480278,0.4497461928933782,0.2672699848752666,0.1348728657413086,0.761178509532036,0.22914384095110366
257098img.jpg,0.3514840437402287,0.6809338521400484,0.4636443920657636,0.31723547865766405,0.853234466888242,0.4625086624691413
258089img.jpg,0.550590762620826,0.5767326732673137,0.5633586107863701,0.40039327366422295,0.8025278608317369,0.5342440965809335
259060img.jpg,0.39187262357413516,0.5859985785358711,0.46966676155833703,0.3142193947730372,0.796990841692089,0.45073375257997705
267036img.jpg,0.511964873765082,0.6200478596117889,0.5608465607970031,0.4292929292929252,0.7755207436735966,0.5526590197664268
268048img.jpg,0.28332981195858264,0.594414893616995,0.3837458863491726,0.18752669799230987,0.8157685160605039,0.30495187056600964
268074img.jpg,0.2282271944922508,0.5357575757575541,0.320096560006374,0.18877205927565524,0.7957490927941733,0.3051538193616761
277053img.jpg,0.5339473120582452,0.5166839378238235,0.5251737939251446,0.43733206891101284,0.7657395876573853,0.5567124389658423
279005img.jpg,0.34206219312601494,0.5794059405940365,0.4301675977186677,0.43359571261094565,0.7029595438501031,0.5363579862797084
28083img.jpg,0.45606326889278437,0.684922467832376,0.5475405511850184,0.6837587006960398,0.6847118959107648,0.6842349662838592
281017img.jpg,0.4723538704581252,0.6608778023365752,0.5509344563872733,0.4498182218794706,0.8135086670651362,0.5793132803173592
285022img.jpg,0.3249592928587968,0.5166420118343004,0.398971869151497,0.3520677213433201,0.6711640211640034,0.46186054974549673
288024img.jpg,0.553368328958868,0.3636624982032433,0.4388932257306038,0.49016786570743015,0.6625607779578535,0.5634734665258891
289011img.jpg,0.3473550031867358,0.6553106212424586,0.4540405442479559,0.5943890928159257,0.6739001189060442,0.6316522707777075
290035img.jpg,0.5323042998897347,0.5482625482625358,0.5401655850920888,0.47934630038098575,0.7282559025133172,0.578148618369192
29030img.jpg,0.4266023432115684,0.43911090092219346,0.432766254902226,0.3959428082610241,0.5884489647656994,0.473372781016994
296028img.jpg,0.5121548265281918,0.7526881720429847,0.6095505617495438,0.4748234221918378,0.8499184339314672,0.6092676508822265
296058img.jpg,0.31630012936609925,0.4461678832116653,0.3701741104737728,0.2397842527994358,0.7921750920007594,0.36813681364569134
302022img.jpg,0.16509335011537307,0.5009548058561106,0.2483433259330437,0.13948236928955932,0.6964440589765526,0.23241678723702672
306051img.jpg,0.42380952380951464,0.5160780179230228,0.4654147848328098,0.3989300411522601,0.7862124898621121,0.5292929292482628
306052img.jpg,0.18151373074346547,0.6361502347417343,0.2824387701582568,0.17405096753727214,0.8144482929242546,0.28680954867284486
3063img.jpg,0.24422815753734167,0.8224085365853031,0.3766143106104025,0.37776597627898073,0.889537307211301,0.5303180914094328
309040img.jpg,0.6394878706199317,0.48716632443530994,0.5530303029812063,0.5083518107908315,0.7591611479028614,0.6089420096907748
317043img.jpg,0.17509578544060966,0.5049723756905798,0.26002844946389064,0.18513867085295463,0.691826359014443,0.29210700128769024
326025img.jpg,0.33786748573935194,0.5750560119491943,0.4256495300805054,0.3057044410413447,0.7826513109531785,0.43967237933876874
326085img.jpg,0.2822226864424424,0.7423076923076515,0.4089601936939894,0.2373220084936278,0.8675799086757726,0.3726951745445301
33044img.jpg,0.28346951602764964,0.6388101983002531,0.3926861122778288,0.24401184175114163,0.7955542556302779,0.37347247010000206
334025img.jpg,0.3704986149584402,0.5984340044742507,0.45765611629150504,0.4441997063142372,0.7313829787233865,0.5527133198871963
335088img.jpg,0.41907571288101436,0.47662715276223494,0.44600251146128955,0.28705209719552327,0.8179775280898761,0.42496990035921867
335094img.jpg,0.7768762677484612,0.6874750698045335,0.7294466193555248,0.5891436224690728,0.872375174988324,0.7033153067941001
344010img.jpg,0.4156916724019175,0.693190512624304,0.5197189157712722,0.4514285714285657,0.8195020746887778,0.5821665438009048
346016img.jpg,0.25110782865582926,0.5607917059377681,0.346888208673195,0.2928434329585921,0.6912621359223077,0.41140215712305644
347031img.jpg,0.4141714285714191,0.1964866623292106,0.2665293814375589,0.4376286983851692,0.3851950777449167,0.4097412480476114
35028img.jpg,0.25345911949685,0.3934266189391346,0.30830039520924996,0.2596926547300137,0.7691022964509234,0.388279932508629
35049img.jpg,0.20097604259094495,0.36283540248296503,0.258672376827775,0.18808423215202683,0.5861075544173948,0.284781087139508
36046img.jpg,0.46465790666061474,0.7257607926397478,0.5665745855877489,0.525176678445222,0.7727469670710404,0.6253506310878532
365072img.jpg,0.5279187817258771,0.5211944038421273,0.5245350425054182,0.3975751954418948,0.7999200213276353,0.5311559567621541
368037img.jpg,0.6142399267399127,0.5032826861751922,0.5532529126218908,0.5303043291898797,0.755865102639287,0.6233059599495162
372019img.jpg,0.3584862385321019,0.7236111111110776,0.4794478527164142,0.36757990867579465,0.8390016456390335,0.5111965240217952
376086img.jpg,0.5073405535499276,0.7179836512261336,0.5945564799965886,0.4786755838175586,0.8438345574023803,0.6108429520349505
384022img.jpg,0.3211410167931833,0.5604175030108165,0.408306522328635,0.33742843511449977,0.7460443037974487,0.4646846254498765
384089img.jpg,0.4288457435459691,0.5697278911564464,0.4893487522333936,0.5715656178050542,0.627686472819203,0.5983129141899046
385022img.jpg,0.3800883926494445,0.5873472322070241,0.46151673487672745,0.39042756860242,0.7267759562841357,0.507970773783816
388006img.jpg,0.322753592108078,0.5901960784313494,0.4173020933966749,0.2615430149960511,0.7280966767371401,0.3848443056880433
388018img.jpg,0.6641856392294075,0.5635215453194546,0.6097266880532178,0.5119336947716052,0.8693121693121602,0.6443895359771882
388067img.jpg,0.8671248568155586,0.6418517890452664,0.7376729681834134,0.7216197306279454,0.8348679550743617,0.7741239385907791
393035img.jpg,0.520321469575189,0.5029966703662485,0.5115124152998899,0.45606817513957826,0.7063106796116397,0.55425272300451
41006img.jpg,0.28551628551627894,0.6124876114965009,0.38947534263819833,0.2906639788333087,0.754908376963326,0.4197216410041505
41029img.jpg,0.3256011917429171,0.4260651629072563,0.3691194209400278,0.3057837523856916,0.7008368200836687,0.42579005137603343
41085img.jpg,0.29265704584040125,0.4852216748768302,0.3651045803078333,0.2657738375931315,0.6819941916747173,0.3824906684360545
41096img.jpg,0.24954792043399074,0.6760563380281276,0.3645368994157801,0.2040798067459944,0.8306627822286661,0.3276592688040689
43033img.jpg,0.3248014121800472,0.30610547329894683,0.3151764302343824,0.3232691306611098,0.3764206697984486,0.3478260869068054
43051img.jpg,0.1176597582037994,0.9974377745241398,0.21048972653758813,0.3830818965517035,0.48008102633352595,0.42613125556942516
45000img.jpg,0.2744516893894433,0.3702025586353846,0.31521615789958113,0.21348767797362075,0.8365734155207707,0.34016709508328413
48017img.jpg,0.051437923778348105,0.14473684210525364,0.0759013282345515,0.11757803332550977,0.8223225276979556,0.20573892508462252
48025img.jpg,0.4957547169811204,0.5056531152273153,0.5006549957818377,0.4529763221951709,0.6859919571045462,0.5456484072558306
49024img.jpg,0.20416386836802766,0.5588235294117304,0.2990654205215412,0.30995203836929835,0.6668099742046145,0.42319236012037315
5096img.jpg,0.43901904970439154,0.49130115167849814,0.4636910267771592,0.41202286180852815,0.6994109494109373,0.5185613358557127
51084img.jpg,0.7592592592592419,0.6855904211395399,0.7205467562963933,0.5792039712791368,0.826042983565097,0.6809441925418123
6046img.jpg,0.5124270585692563,0.6582454192115309,0.5762547089068926,0.46785350966428824,0.7936151855047318,0.5886719999533269
61034img.jpg,0.3382194438456491,0.4850077279752555,0.3985267970051737,0.2896011067558198,0.7601371797457986,0.4194122884729532
64061img.jpg,0.3540945790080656,0.45752608047688653,0.3992197658805805,0.5282217276957206,0.5565977403538572,0.5420386131947811
65084img.jpg,0.5748049564020061,0.6027430221366553,0.5884425651367656,0.4716904934980981,0.8377564194520035,0.6035551880481552
69000img.jpg,0.26362197603435983,0.4625148750495651,0.3358294930412991,0.29044667664030466,0.7460883886906191,0.41812168290712076
69007img.jpg,0.5381809892865161,0.4455557652387159,0.487507743084854,0.4354281767955763,0.6944788654825734,0.5352576006317757
69022img.jpg,0.08890606880556458,0.3081044876088206,0.13799310031022055,0.07463196074247888,0.7650918635170268,0.13599782277451916
70011img.jpg,0.18056388722255187,0.7543859649122177,0.291384317490606,0.09305791069318077,0.9059529764881988,0.16877912393464156
70090img.jpg,0.23336787564766356,0.5249417249417004,0.3230989956532222,0.1554968821976285,0.8162783839575106,0.26123065304974846
71076img.jpg,0.49874914714576984,0.4981826442526011,0.49846573469257305,0.4558429118773903,0.7174732398612887,0.557488431979657
71099img.jpg,0.2243154435925471,0.3371748435956425,0.2694027886918182,0.19987837016014393,0.5309639203015474,0.29042709863477834
77062img.jpg,0.3567179487179414,0.474229615489488,0.40716459840568486,0.2926144543622208,0.7599551318003223,0.422535211227458
78098img.jpg,0.3446612584959363,0.3694477085781347,0.3566243193692899,0.2589982381072221,0.6763062767006133,0.3745563745163247
79073img.jpg,0.50741906474819,0.36705155309805876,0.42596961399299016,0.40105332455562603,0.70152003684937,0.5103459830315341
80085img.jpg,0.49161747343564366,0.57978279030909,0.5320725785345314,0.47477502045267966,0.6776956014013102,0.5583707504326187
80090img.jpg,0.3053772958619096,0.4418828049951828,0.36116199942823585,0.3379486490119594,0.6028776978417122,0.4331122404570152
8068img.jpg,0.25904576856649336,0.9989177489177405,0.41140368919447695,0.6045067423704648,0.895636172450029,0.7218220338501729
81066img.jpg,0.41754881204421507,0.4840469048268207,0.4483455417537464,0.38036303630362645,0.7014073792316337,0.49324595421412704
81090img.jpg,0.44465894465893513,0.4033073929961011,0.4229749030311142,0.3929961089494128,0.6214050651022948,0.4814855875356782
81095img.jpg,0.3344835518748485,0.43585131894483103,0.3784979825097522,0.31215194908512023,0.6733161733161589,0.4265525206796343
87015img.jpg,0.3430851063829717,0.7319947621125826,0.4671959882557361,0.27635672312478154,0.8566836324671616,0.4179026461571654
92014img.jpg,0.42436272461344704,0.5201024327784758,0.4673800482763573,0.4198671372223332,0.7033559380977099,0.5258368540318262
94095img.jpg,0.3087235282688885,0.4628604718904613,0.37039627034825706,0.22775528072671433,0.7749022528393078,0.3520406005146854
97010img.jpg,0.3659555751044564,0.5844748858447283,0.45009467130778374,0.38526487811520654,0.7011152416356703,0.4972754437932052
